anio,mes,mes_nombre,n_incendios,fecha_mes,t2m_nacional,tp_nacional,t2m_anomaly_nacional,tp_anomaly_nacional
2000,1,ENERO,1730,2000-01-01,15.454837,73.60638,-0.60273457,9.178917
2000,2,FEBRERO,739,2000-02-01,15.315384,62.70416,-0.7600632,5.784603
2000,3,MARZO,806,2000-03-01,14.088251,57.750008,-0.757987,-4.092243
2000,4,ABRIL,248,2000-04-01,12.51686,58.150024,-0.05608177,-1.522213
2000,5,MAYO,4,2000-05-01,9.735901,49.971584,-0.3947363,-16.549274
2000,6,JUNIO,0,2000-06-01,7.788126,112.99143,-0.46576023,37.343346
2000,7,JULIO,0,2000-07-01,6.5087576,64.63273,-1.0107465,-2.4546661
2000,8,AGOSTO,0,2000-08-01,7.848668,48.268612,-0.392601,-18.191402
2000,9,SEPTIEMBRE,0,2000-09-01,8.189164,57.011215,-1.3082743,5.2617607
2000,10,OCTUBRE,54,2000-10-01,11.005597,54.94451,-0.2210865,0.4062233
2000,11,NOVIEMBRE,293,2000-11-01,12.304359,54.759415,-0.7517185,2.1007004
2000,12,DICIEMBRE,1008,2000-12-01,14.30729,67.53288,-0.5122423,8.84079
2001,1,ENERO,1373,2001-01-01,15.432344,84.711334,-0.625227,20.283875
2001,2,FEBRERO,1389,2001-02-01,16.041372,73.35975,-0.034074783,16.440193
2001,3,MARZO,942,2001-03-01,14.204485,76.35021,-0.6417532,14.507961
2001,4,ABRIL,305,2001-04-01,12.100363,55.829933,-0.472579,-3.8423042
2001,5,MAYO,12,2001-05-01,9.6080675,79.69476,-0.52256966,13.173904
2001,6,JUNIO,0,2001-06-01,8.116947,61.492573,-0.13693905,-14.155514
2001,7,JULIO,0,2001-07-01,6.8533435,92.49655,-0.6661606,25.409157
2001,8,AGOSTO,0,2001-08-01,8.259533,72.73329,0.018263817,6.2732773
2001,9,SEPTIEMBRE,0,2001-09-01,9.145538,46.669785,-0.3519001,-5.07967
2001,10,OCTUBRE,123,2001-10-01,11.46546,41.0874,0.2387762,-13.45089
2001,11,NOVIEMBRE,463,2001-11-01,12.694227,60.650005,-0.36185074,7.991291
2001,12,DICIEMBRE,1569,2001-12-01,14.948964,49.662216,0.12943172,-9.029877
2002,1,ENERO,2053,2002-01-01,15.663992,50.73507,-0.39357948,-13.69239
2002,2,FEBRERO,1821,2002-02-01,15.799793,59.463326,-0.27565384,2.5437698
2002,3,MARZO,508,2002-03-01,14.211478,72.07213,-0.6347599,10.229877
2002,4,ABRIL,158,2002-04-01,12.216444,68.40548,-0.35649776,8.733242
2002,5,MAYO,6,2002-05-01,9.488634,89.6675,-0.64200306,23.146645
2002,6,JUNIO,0,2002-06-01,6.8601403,55.641563,-1.3937459,-20.006523
2002,7,JULIO,10,2002-07-01,6.9628625,66.15879,-0.5566416,-0.9286041
2002,8,AGOSTO,4,2002-08-01,8.102735,76.61147,-0.13853455,10.151459
2002,9,SEPTIEMBRE,4,2002-09-01,9.441899,58.728485,-0.05553913,6.9790306
2002,10,OCTUBRE,51,2002-10-01,11.148916,83.61286,-0.07776737,29.074574
2002,11,NOVIEMBRE,339,2002-11-01,12.675917,59.163467,-0.3801613,6.504753
2002,12,DICIEMBRE,1025,2002-12-01,14.64014,62.604084,-0.17939281,3.9119911
2003,1,ENERO,1793,2003-01-01,15.791839,68.63148,-0.26573277,4.2040176
2003,2,FEBRERO,2097,2003-02-01,15.708101,54.033733,-0.3673458,-2.8858223
2003,3,MARZO,1524,2003-03-01,14.8378,62.969353,-0.00843811,1.1271019
2003,4,ABRIL,675,2003-04-01,12.218373,33.60255,-0.35456848,-26.069687
2003,5,MAYO,49,2003-05-01,10.488435,60.51426,0.35779762,-6.0065994
2003,6,JUNIO,1,2003-06-01,8.974051,90.23768,0.72016525,14.589592
2003,7,JULIO,0,2003-07-01,8.056093,64.11219,0.53658915,-2.9752045
2003,8,AGOSTO,29,2003-08-01,8.332844,55.78541,0.09157467,-10.6746025
2003,9,SEPTIEMBRE,21,2003-09-01,9.66142,58.89557,0.16398144,7.1461143
2003,10,OCTUBRE,131,2003-10-01,11.598557,66.187614,0.37187386,11.649326
2003,11,NOVIEMBRE,459,2003-11-01,13.186391,54.524292,0.13031292,1.8655777
2003,12,DICIEMBRE,1094,2003-12-01,14.111826,62.378117,-0.70770645,3.6860237
2004,1,ENERO,1655,2004-01-01,16.16938,67.01289,0.11180878,2.585434
2004,2,FEBRERO,1918,2004-02-01,16.088634,44.40929,0.013187408,-12.510265
2004,3,MARZO,1019,2004-03-01,15.35228,65.450325,0.5060415,3.6080742
2004,4,ABRIL,94,2004-04-01,12.729915,79.253716,0.15697289,19.581478
2004,5,MAYO,8,2004-05-01,9.481986,34.056347,-0.6486511,-32.46451
2004,6,JUNIO,2,2004-06-01,9.013609,91.32135,0.7597227,15.673264
2004,7,JULIO,4,2004-07-01,7.6230936,77.11983,0.103589535,10.032433
2004,8,AGOSTO,6,2004-08-01,8.316725,53.488888,0.075455666,-12.971127
2004,9,SEPTIEMBRE,14,2004-09-01,9.969148,59.169598,0.47170925,7.420143
2004,10,OCTUBRE,25,2004-10-01,11.34508,58.64783,0.11839676,4.109543
2004,11,NOVIEMBRE,295,2004-11-01,13.102928,52.13718,0.046850204,-0.52153397
2004,12,DICIEMBRE,957,2004-12-01,15.124702,67.26749,0.30517006,8.575394
2005,1,ENERO,1920,2005-01-01,15.671719,64.36018,-0.3858528,-0.067276
2005,2,FEBRERO,1814,2005-02-01,16.505493,42.86272,0.43004608,-14.056835
2005,3,MARZO,1044,2005-03-01,14.683853,65.75394,-0.16238499,3.911686
2005,4,ABRIL,567,2005-04-01,11.993077,57.092228,-0.5798645,-2.5800095
2005,5,MAYO,5,2005-05-01,9.575975,99.477844,-0.55466175,32.956985
2005,6,JUNIO,2,2005-06-01,7.9507904,86.092674,-0.30309582,10.444588
2005,7,JULIO,3,2005-07-01,7.6396117,54.422195,0.12010765,-12.665199
2005,8,AGOSTO,2,2005-08-01,8.179681,72.5151,-0.061588287,6.055084
2005,9,SEPTIEMBRE,39,2005-09-01,8.9515295,46.003414,-0.5459089,-5.7460403
2005,10,OCTUBRE,105,2005-10-01,10.628086,49.27225,-0.5985975,-5.266037
2005,11,NOVIEMBRE,369,2005-11-01,12.955627,57.23365,-0.100450516,4.574936
2005,12,DICIEMBRE,775,2005-12-01,14.615414,45.98702,-0.20411873,-12.705074
2006,1,ENERO,1247,2006-01-01,16.014555,76.52416,-0.043016434,12.096703
2006,2,FEBRERO,1375,2006-02-01,16.161818,53.489525,0.08637047,-3.4300308
2006,3,MARZO,1023,2006-03-01,14.565833,70.76915,-0.28040504,8.926899
2006,4,ABRIL,398,2006-04-01,12.4598,70.72379,-0.11314201,11.051556
2006,5,MAYO,57,2006-05-01,10.293145,56.558548,0.16250801,-9.962311
2006,6,JUNIO,3,2006-06-01,8.623739,79.080765,0.36985302,3.4326782
2006,7,JULIO,1,2006-07-01,8.482082,88.487946,0.9625783,21.40055
2006,8,AGOSTO,1,2006-08-01,8.367584,61.558193,0.12631512,-4.901821
2006,9,SEPTIEMBRE,11,2006-09-01,9.727057,48.907005,0.22961903,-2.8424492
2006,10,OCTUBRE,40,2006-10-01,11.682491,62.676937,0.4558077,8.138649
2006,11,NOVIEMBRE,403,2006-11-01,13.015232,49.46907,-0.04084587,-3.1896439
2006,12,DICIEMBRE,855,2006-12-01,14.6678295,77.583435,-0.15170288,18.891342
2007,1,ENERO,1255,2007-01-01,16.079643,58.970566,0.022071838,-5.456894
2007,2,FEBRERO,1229,2007-02-01,15.560382,47.325813,-0.5150652,-9.593742
2007,3,MARZO,975,2007-03-01,14.513846,62.68461,-0.33239174,0.84235764
2007,4,ABRIL,317,2007-04-01,12.428509,67.62578,-0.14443302,7.953541
2007,5,MAYO,47,2007-05-01,9.069386,49.10036,-1.0612516,-17.420498
2007,6,JUNIO,9,2007-06-01,7.6332765,67.88588,-0.62060976,-7.762207
2007,7,JULIO,6,2007-07-01,6.4823647,57.413227,-1.0371394,-9.674168
2007,8,AGOSTO,6,2007-08-01,6.68884,60.474297,-1.5524292,-5.985718
2007,9,SEPTIEMBRE,27,2007-09-01,9.026111,50.646587,-0.47132778,-1.1028671
2007,10,OCTUBRE,139,2007-10-01,10.854876,61.538654,-0.37180805,7.000366
2007,11,NOVIEMBRE,594,2007-11-01,12.283674,43.837093,-0.7724037,-8.821621
2007,12,DICIEMBRE,931,2007-12-01,14.331326,55.59269,-0.48820686,-3.0994034
2008,1,ENERO,1816,2008-01-01,16.068733,66.6667,0.011161804,2.2392426
2008,2,FEBRERO,1853,2008-02-01,16.704855,56.498505,0.6294079,-0.42105103
2008,3,MARZO,1159,2008-03-01,15.3826685,49.657986,0.53643036,-12.184265
2008,4,ABRIL,390,2008-04-01,12.128509,63.33501,-0.4444332,3.6627731
2008,5,MAYO,47,2008-05-01,9.538771,92.287674,-0.5918665,25.766815
2008,6,JUNIO,7,2008-06-01,7.9072967,62.384594,-0.34658957,-13.263493
2008,7,JULIO,0,2008-07-01,7.913545,75.91789,0.39404106,8.830498
2008,8,AGOSTO,1,2008-08-01,7.795623,79.32071,-0.4456463,12.860695
2008,9,SEPTIEMBRE,37,2008-09-01,9.542311,33.64335,0.044872284,-18.106106
2008,10,OCTUBRE,94,2008-10-01,11.3652115,47.422062,0.13852787,-7.116226
2008,11,NOVIEMBRE,456,2008-11-01,13.696182,57.10958,0.6401043,4.4508667
2008,12,DICIEMBRE,976,2008-12-01,15.548777,56.245277,0.72924423,-2.4468155
2009,1,ENERO,1842,2009-01-01,16.048544,62.33575,-0.009027481,-2.0917091
2009,2,FEBRERO,1261,2009-02-01,15.98862,63.68862,-0.08682728,6.769066
2009,3,MARZO,1084,2009-03-01,15.155788,60.098484,0.3095503,-1.7437668
2009,4,ABRIL,389,2009-04-01,13.519301,57.861732,0.94635963,-1.8105049
2009,5,MAYO,14,2009-05-01,10.638315,80.98014,0.50767803,14.459282
2009,6,JUNIO,3,2009-06-01,8.465271,68.88625,0.21138477,-6.761833
2009,7,JULIO,4,2009-07-01,7.3840394,53.39233,-0.13546467,-13.695065
2009,8,AGOSTO,3,2009-08-01,8.531732,85.28085,0.2904625,18.820839
2009,9,SEPTIEMBRE,53,2009-09-01,8.9693775,53.0233,-0.5280609,1.2738457
2009,10,OCTUBRE,68,2009-10-01,10.781133,56.81972,-0.44555092,2.281433
2009,11,NOVIEMBRE,242,2009-11-01,12.085297,59.08573,-0.9707813,6.427017
2009,12,DICIEMBRE,840,2009-12-01,14.16298,61.21237,-0.6565523,2.520279
2010,1,ENERO,1205,2010-01-01,15.812959,74.06944,-0.2446127,9.641983
2010,2,FEBRERO,754,2010-02-01,15.295344,60.98997,-0.7801027,4.0704155
2010,3,MARZO,470,2010-03-01,15.316874,47.972755,0.4706354,-13.869495
2010,4,ABRIL,407,2010-04-01,12.369509,44.31924,-0.20343304,-15.352997
2010,5,MAYO,22,2010-05-01,9.793663,66.29501,-0.33697414,-0.22584534
2010,6,JUNIO,1,2010-06-01,8.17678,81.420006,-0.077106476,5.7719193
2010,7,JULIO,0,2010-07-01,6.5158057,65.55663,-1.0036983,-1.5307617
2010,8,AGOSTO,6,2010-08-01,7.694702,58.35434,-0.54656696,-8.105675
2010,9,SEPTIEMBRE,28,2010-09-01,9.234667,45.53065,-0.2627716,-6.2188034
2010,10,OCTUBRE,89,2010-10-01,11.067611,58.505905,-0.15907288,3.967617
2010,11,NOVIEMBRE,344,2010-11-01,12.54835,53.126053,-0.5077276,0.46733856
2010,12,DICIEMBRE,843,2010-12-01,13.983586,62.31922,-0.8359461,3.6271286
2011,1,ENERO,1274,2011-01-01,15.7892,66.42765,-0.26837158,2.0001907
2011,2,FEBRERO,1255,2011-02-01,15.764894,69.125305,-0.31055355,12.2057495
2011,3,MARZO,787,2011-03-01,14.4257,71.82937,-0.42053795,9.987118
2011,4,ABRIL,243,2011-04-01,12.304937,68.33511,-0.26800442,8.662876
2011,5,MAYO,77,2011-05-01,10.233095,59.84365,0.102458,-6.677208
2011,6,JUNIO,6,2011-06-01,8.164898,72.723,-0.088988304,-2.925087
2011,7,JULIO,1,2011-07-01,6.8995934,71.65556,-0.6199107,4.5681686
2011,8,AGOSTO,0,2011-08-01,7.4358463,60.395966,-0.8054228,-6.064049
2011,9,SEPTIEMBRE,15,2011-09-01,9.634092,56.168655,0.1366539,4.419201
2011,10,OCTUBRE,127,2011-10-01,10.877928,43.93965,-0.34875584,-10.598637
2011,11,NOVIEMBRE,501,2011-11-01,13.263555,49.5394,0.20747662,-3.119316
2011,12,DICIEMBRE,1309,2011-12-01,15.382456,41.799778,0.56292343,-16.892315
2012,1,ENERO,1270,2012-01-01,16.69023,63.862602,0.632658,-0.5648575
2012,2,FEBRERO,1057,2012-02-01,15.656338,77.42439,-0.41910934,20.504837
2012,3,MARZO,688,2012-03-01,15.28599,56.237625,0.43975163,-5.6046257
2012,4,ABRIL,455,2012-04-01,12.354759,54.186653,-0.21818256,-5.4855843
2012,5,MAYO,77,2012-05-01,10.666,76.8152,0.5353632,10.294342
2012,6,JUNIO,9,2012-06-01,8.307732,79.94195,0.053845406,4.2938614
2012,7,JULIO,6,2012-07-01,7.344608,57.203987,-0.17489624,-9.883408
2012,8,AGOSTO,3,2012-08-01,8.492258,67.1419,0.25098896,0.68188477
2012,9,SEPTIEMBRE,35,2012-09-01,10.222387,48.428055,0.7249489,-3.3213997
2012,10,OCTUBRE,125,2012-10-01,11.117591,53.438644,-0.10909271,-1.0996437
2012,11,NOVIEMBRE,518,2012-11-01,13.335309,47.136593,0.27923107,-5.5221214
2012,12,DICIEMBRE,611,2012-12-01,14.498115,79.61007,-0.3214178,20.917976
2013,1,ENERO,1295,2013-01-01,16.608473,55.312256,0.5509014,-9.115204
2013,2,FEBRERO,1184,2013-02-01,16.337158,53.021774,0.26171112,-3.8977814
2013,3,MARZO,1299,2013-03-01,14.425599,48.022137,-0.42063904,-13.820114
2013,4,ABRIL,522,2013-04-01,13.192815,52.85873,0.61987305,-6.813507
2013,5,MAYO,48,2013-05-01,10.463162,84.10157,0.33252525,17.580711
2013,6,JUNIO,5,2013-06-01,8.747725,81.32326,0.4938383,5.675171
2013,7,JULIO,3,2013-07-01,7.7379155,60.196747,0.21841145,-6.890648
2013,8,AGOSTO,9,2013-08-01,7.7274737,73.25639,-0.5137954,6.796379
2013,9,SEPTIEMBRE,59,2013-09-01,8.738577,45.97287,-0.75886154,-5.7765846
2013,10,OCTUBRE,253,2013-10-01,11.252342,44.34071,0.025658607,-10.197578
2013,11,NOVIEMBRE,606,2013-11-01,12.792784,51.577545,-0.26329422,-1.0811691
2013,12,DICIEMBRE,1344,2013-12-01,15.271115,61.3661,0.4515829,2.6740074
2014,1,ENERO,1475,2014-01-01,15.989415,69.09986,-0.06815624,4.6724014
2014,2,FEBRERO,1200,2014-02-01,15.449238,54.515068,-0.62620926,-2.4044876
2014,3,MARZO,1068,2014-03-01,13.930678,60.875214,-0.91555977,-0.9670372
2014,4,ABRIL,282,2014-04-01,12.087382,60.69724,-0.48555946,1.0250015
2014,5,MAYO,27,2014-05-01,10.059864,74.43684,-0.070773125,7.9159775
2014,6,JUNIO,9,2014-06-01,8.084884,80.42591,-0.16900253,4.7778244
2014,7,JULIO,2,2014-07-01,7.636739,69.27635,0.11723471,2.1889572
2014,8,AGOSTO,11,2014-08-01,9.047065,68.72971,0.80579567,2.269699
2014,9,SEPTIEMBRE,30,2014-09-01,9.804764,63.591835,0.30732536,11.842381
2014,10,OCTUBRE,193,2014-10-01,11.874104,51.064606,0.6474199,-3.4736824
2014,11,NOVIEMBRE,570,2014-11-01,12.841762,59.87134,-0.21431637,7.2126274
2014,12,DICIEMBRE,1283,2014-12-01,14.462558,60.864956,-0.3569746,2.172863
2015,1,ENERO,1934,2015-01-01,15.86079,47.01841,-0.19678116,-17.40905
2015,2,FEBRERO,1903,2015-02-01,15.857101,52.732044,-0.21834564,-4.1875114
2015,3,MARZO,1510,2015-03-01,15.446869,71.72527,0.60063076,9.883022
2015,4,ABRIL,453,2015-04-01,13.244757,60.15255,0.6718149,0.48031235
2015,5,MAYO,89,2015-05-01,11.008831,76.087364,0.87819386,9.566505
2015,6,JUNIO,70,2015-06-01,9.159848,71.927505,0.905962,-3.720581
2015,7,JULIO,21,2015-07-01,7.956905,88.42292,0.43740082,21.335526
2015,8,AGOSTO,14,2015-08-01,8.7092495,87.636696,0.46798038,21.176682
2015,9,SEPTIEMBRE,44,2015-09-01,9.435768,47.085632,-0.061670303,-4.663822
2015,10,OCTUBRE,56,2015-10-01,10.643057,48.76732,-0.58362675,-5.7709694
2015,11,NOVIEMBRE,297,2015-11-01,12.849543,50.57717,-0.20653534,-2.081543
2015,12,DICIEMBRE,915,2015-12-01,14.687911,52.28209,-0.13162136,-6.4100037
2016,1,ENERO,1453,2016-01-01,16.760471,48.444702,0.70289993,-15.982758
2016,2,FEBRERO,1991,2016-02-01,16.576702,61.966015,0.50125504,5.046459
2016,3,MARZO,1677,2016-03-01,15.499931,46.103012,0.6536932,-15.739239
2016,4,ABRIL,288,2016-04-01,11.987071,59.357395,-0.58587074,-0.31484222
2016,5,MAYO,22,2016-05-01,10.393727,35.226814,0.26309013,-31.294044
2016,6,JUNIO,6,2016-06-01,8.485698,42.2013,0.23181152,-33.446785
2016,7,JULIO,6,2016-07-01,7.928853,64.26094,0.40934896,-2.8264542
2016,8,AGOSTO,18,2016-08-01,9.005441,63.024227,0.7641716,-3.4357872
2016,9,SEPTIEMBRE,140,2016-09-01,10.251923,30.218895,0.7544842,-21.53056
2016,10,OCTUBRE,202,2016-10-01,11.674523,61.57841,0.44783974,7.040123
2016,11,NOVIEMBRE,702,2016-11-01,13.612694,51.69339,0.5566158,-0.9653244
2016,12,DICIEMBRE,975,2016-12-01,15.37272,65.74876,0.5531874,7.0566635
2017,1,ENERO,1538,2017-01-01,16.716288,71.921814,0.6587162,7.4943542
2017,2,FEBRERO,701,2017-02-01,16.943777,67.00247,0.86833,10.082916
2017,3,MARZO,647,2017-03-01,15.274789,61.725838,0.42855072,-0.11641312
2017,4,ABRIL,301,2017-04-01,12.941638,59.38036,0.3686962,-0.29187775
2017,5,MAYO,36,2017-05-01,10.504726,84.93328,0.37408924,18.412422
2017,6,JUNIO,8,2017-06-01,8.032666,87.74944,-0.22122002,12.1013565
2017,7,JULIO,15,2017-07-01,8.283534,71.783394,0.76403,4.695999
2017,8,AGOSTO,7,2017-08-01,8.577355,89.98092,0.33608627,23.520905
2017,9,SEPTIEMBRE,45,2017-09-01,9.627996,61.41621,0.13055801,9.666756
2017,10,OCTUBRE,82,2017-10-01,10.970734,70.99902,-0.25594997,16.460735
2017,11,NOVIEMBRE,538,2017-11-01,12.967757,44.205044,-0.08832073,-8.4536705
2017,12,DICIEMBRE,993,2017-12-01,14.753792,66.75465,-0.065740585,8.062553
2018,1,ENERO,1549,2018-01-01,15.919846,75.34806,-0.13772583,10.920601
2018,2,FEBRERO,1398,2018-02-01,16.362808,60.444935,0.28736115,3.5253792
2018,3,MARZO,1089,2018-03-01,14.567501,72.87501,-0.27873707,11.032757
2018,4,ABRIL,254,2018-04-01,12.851437,71.46407,0.27849483,11.791836
2018,5,MAYO,92,2018-05-01,10.540608,63.859577,0.40997124,-2.6612816
2018,6,JUNIO,19,2018-06-01,7.5890408,64.16637,-0.66484547,-11.48172
2018,7,JULIO,9,2018-07-01,7.104888,53.227676,-0.4146161,-13.859718
2018,8,AGOSTO,33,2018-08-01,8.213653,63.568092,-0.0276165,-2.891922
2018,9,SEPTIEMBRE,81,2018-09-01,9.779001,64.19409,0.2815628,12.444637
2018,10,OCTUBRE,140,2018-10-01,11.039755,53.806084,-0.18692875,-0.73220444
2018,11,NOVIEMBRE,504,2018-11-01,13.433585,61.662796,0.3775072,9.004082
2018,12,DICIEMBRE,1047,2018-12-01,15.180723,55.154266,0.3611908,-3.5378265
2019,1,ENERO,1718,2019-01-01,15.580911,66.52869,-0.47666073,2.1012268
2019,2,FEBRERO,1505,2019-02-01,16.137838,49.252274,0.06239128,-7.667282
2019,3,MARZO,1367,2019-03-01,14.570075,49.95411,-0.2761631,-11.888142
2019,4,ABRIL,686,2019-04-01,12.916611,57.508087,0.34366894,-2.1641502
2019,5,MAYO,117,2019-05-01,10.418148,67.016914,0.28751087,0.4960556
2019,6,JUNIO,12,2019-06-01,8.65705,74.6137,0.4031639,-1.0343857
2019,7,JULIO,10,2019-07-01,8.051308,66.95201,0.5318036,-0.1353836
2019,8,AGOSTO,50,2019-08-01,8.434709,50.127136,0.19343948,-16.332878
2019,9,SEPTIEMBRE,139,2019-09-01,9.335855,45.05524,-0.1615839,-6.694214
2019,10,OCTUBRE,359,2019-10-01,11.010225,45.07554,-0.21645832,-9.4627495
2019,11,NOVIEMBRE,813,2019-11-01,13.561141,63.805,0.50506306,11.146286
2019,12,DICIEMBRE,1289,2019-12-01,15.177641,58.40763,0.35810852,-0.28446198
2020,1,ENERO,1558,2020-01-01,16.35235,68.95772,0.29477882,4.530258
2020,2,FEBRERO,1526,2020-02-01,16.171318,57.65174,0.09587097,0.73218536
2020,3,MARZO,1344,2020-03-01,15.92334,56.797283,1.0771017,-5.0449677
2020,4,ABRIL,902,2020-04-01,13.41535,49.196968,0.8424082,-10.475269
2020,5,MAYO,120,2020-05-01,11.216654,66.24003,1.0860167,-0.28083038
2020,6,JUNIO,17,2020-06-01,8.379748,93.77821,0.12586212,18.130127
2020,7,JULIO,21,2020-07-01,7.0855627,64.027,-0.43394136,-3.0603943
2020,8,AGOSTO,59,2020-08-01,8.166604,61.640835,-0.07466507,-4.8191795
2020,9,SEPTIEMBRE,146,2020-09-01,9.637492,47.215595,0.14005375,-4.5338593
2020,10,OCTUBRE,441,2020-10-01,11.250182,49.745426,0.023498535,-4.792862
2020,11,NOVIEMBRE,830,2020-11-01,13.420269,46.802444,0.36419106,-5.85627
2020,12,DICIEMBRE,1094,2020-12-01,14.6273985,56.746998,-0.1921339,-1.9450951
2021,1,ENERO,1488,2021-01-01,15.389432,62.443836,-0.66813946,-1.9836235
2021,2,FEBRERO,1061,2021-02-01,16.101326,36.02909,0.025878906,-20.890465
2021,3,MARZO,1227,2021-03-01,14.920711,51.476818,0.07447243,-10.365433
2021,4,ABRIL,645,2021-04-01,13.3138,65.1033,0.7408581,5.4310646
2021,5,MAYO,76,2021-05-01,10.562629,56.911858,0.43199158,-9.609001
2021,6,JUNIO,13,2021-06-01,8.361737,64.28919,0.10785103,-11.358894
2021,7,JULIO,24,2021-07-01,8.198185,61.739613,0.6786809,-5.347782
2021,8,AGOSTO,51,2021-08-01,8.515284,68.56839,0.27401447,2.1083755
2021,9,SEPTIEMBRE,116,2021-09-01,10.021324,47.838028,0.5238857,-3.9114265
2021,10,OCTUBRE,348,2021-10-01,11.303711,50.482372,0.07702732,-4.055916
2021,11,NOVIEMBRE,756,2021-11-01,13.027867,44.174427,-0.02821064,-8.484287
2021,12,DICIEMBRE,1258,2021-12-01,15.102127,56.681652,0.28259468,-2.0104408
2022,1,ENERO,1238,2022-01-01,15.81848,67.740685,-0.23909187,3.3132248
2022,2,FEBRERO,1648,2022-02-01,15.730884,50.505344,-0.34456348,-6.4142113
2022,3,MARZO,1055,2022-03-01,14.165963,59.907413,-0.68027496,-1.9348373
2022,4,ABRIL,384,2022-04-01,11.750481,63.384434,-0.8224611,3.7121964
2022,5,MAYO,60,2022-05-01,9.475002,46.199272,-0.6556349,-20.321587
2022,6,JUNIO,9,2022-06-01,7.5616617,68.42897,-0.6922245,-7.219116
2022,7,JULIO,7,2022-07-01,7.136019,80.42018,-0.38348484,13.332787
2022,8,AGOSTO,24,2022-08-01,7.9909163,57.911835,-0.25035286,-8.54818
2022,9,SEPTIEMBRE,133,2022-09-01,9.046699,50.969078,-0.45073986,-0.78037643
2022,10,OCTUBRE,322,2022-10-01,10.7365465,50.687737,-0.4901371,-3.8505516
2022,11,NOVIEMBRE,724,2022-11-01,13.938293,37.95417,0.8822155,-14.704544
2022,12,DICIEMBRE,1314,2022-12-01,15.367119,57.56096,0.54758644,-1.131134
2023,1,ENERO,1730,2023-01-01,16.46431,50.955055,0.40673828,-13.4724045
2023,2,FEBRERO,1201,2023-02-01,16.310463,55.35983,0.23501587,-1.5597267
2023,3,MARZO,915,2023-03-01,15.292436,69.84769,0.4461975,8.005436
2023,4,ABRIL,514,2023-04-01,13.073665,57.434593,0.5007229,-2.2376442
2023,5,MAYO,83,2023-05-01,11.037276,62.951996,0.9066391,-3.568863
2023,6,JUNIO,15,2023-06-01,9.106714,74.933105,0.852828,-0.7149811
2023,7,JULIO,7,2023-07-01,8.206257,65.81225,0.6867528,-1.2751465
2023,8,AGOSTO,18,2023-08-01,9.153064,81.67195,0.91179466,15.211937
2023,9,SEPTIEMBRE,27,2023-09-01,9.669491,58.330097,0.17205238,6.5806427
2023,10,OCTUBRE,301,2023-10-01,11.354156,47.162735,0.12747192,-7.375553
2023,11,NOVIEMBRE,338,2023-11-01,12.664175,59.479046,-0.39190292,6.8203316
2023,12,DICIEMBRE,990,2023-12-01,14.718569,43.63747,-0.10096359,-15.054623
2024,1,ENERO,1585,2024-01-01,16.773615,49.07524,0.7160435,-15.352219
2024,2,FEBRERO,1241,2024-02-01,16.935846,61.31432,0.86039925,4.394764
2024,3,MARZO,1050,2024-03-01,15.1516695,69.71779,0.30543137,7.875538
2024,4,ABRIL,357,2024-04-01,12.382946,65.353645,-0.18999577,5.681408
2024,5,MAYO,39,2024-05-01,8.570838,46.858593,-1.5597992,-19.662266
2024,6,JUNIO,5,2024-06-01,8.376633,89.877884,0.12274647,14.229797
